[
  {
    "mot": "Konàri",
    "fr": "Allons-y (action d'être accompagné quelque part)",
    "en": "Let's go (accompanied)",
    "ar": "هيا بنا (مع أحد)",
    "tz": "",
    "ru": "Пойдем вместе",
    "audio": "konari.mp3"
  },
  {
    "mot": "íbatan",
    "fr": "Balle (écorce de mil ou céréales)",
    "en": "Grain husk ball",
    "ar": "كرة قشرة الحبوب",
    "tz": "",
    "ru": "Шар из шелухи",
    "audio": "ibatan.mp3"
  },
  {
    "mot": "Wéyni",
    "fr": "Soleil",
    "en": "Sun",
    "ar": "شمس",
    "tz": "",
    "ru": "Солнце",
    "audio": "weyni.mp3"
  },
  {
    "mot": "asaher",
    "fr": "Couvercle",
    "en": "Lid",
    "ar": "غطاء",
    "tz": "",
    "ru": "Крышка",
    "audio": "asaher.mp3"
  },
  {
    "mot": "Yaw",
    "fr": "Viens — Ordre de venir",
    "en": "Come (command)",
    "ar": "تعال",
    "tz": "",
    "ru": "Иди сюда",
    "audio": "yaw.mp3"
  },
  {
    "mot": "aférig",
    "fr": "Enclos",
    "en": "Enclosure",
    "ar": "حظيرة",
    "tz": "",
    "ru": "Загон",
    "audio": "aferig.mp3"
  },
  {
    "mot": "hoùwa",
    "fr": "Lait",
    "en": "Milk",
    "ar": "حليب",
    "tz": "",
    "ru": "Молоко",
    "audio": "houwa.mp3"
  },
  {
    "mot": "Tchòho",
    "fr": "Quoi ?",
    "en": "What?",
    "ar": "ماذا؟",
    "tz": "",
    "ru": "Что?",
    "audio": "tchoho.mp3"
  },
  {
    "mot": "Dida",
    "fr": "Pars",
    "en": "Go away",
    "ar": "انصرف",
    "tz": "",
    "ru": "Уходи",
    "audio": "dida.mp3"
  },
  {
    "mot": "Koy",
    "fr": "Vas-y (ordre)",
    "en": "Go (command)",
    "ar": "اذهب",
    "tz": "",
    "ru": "Иди",
    "audio": "koy.mp3"
  },
  {
    "mot": "Nín",
    "fr": "Toi",
    "en": "You",
    "ar": "أنت",
    "tz": "",
    "ru": "Ты",
    "audio": "nin.mp3"
  },
  {
    "mot": "Zawkat",
    "fr": "Amène",
    "en": "Bring",
    "ar": "احضر",
    "tz": "",
    "ru": "Принеси",
    "audio": "zawkat.mp3"
  },
  {
    "mot": "Mànà",
    "fr": "Il, c'est où ?",
    "en": "Where is he?",
    "ar": "أين هو؟",
    "tz": "",
    "ru": "Где он?",
    "audio": "mana.mp3"
  },
  {
    "mot": "Mané?",
    "fr": "Où ?",
    "en": "Where?",
    "ar": "أين؟",
    "tz": "",
    "ru": "Где?",
    "audio": "mane.mp3"
  },
  {
    "mot": "Àtchi",
    "fr": "Il a dit",
    "en": "He said",
    "ar": "قال",
    "tz": "",
    "ru": "Он сказал",
    "audio": "atchi.mp3"
  },
  {
    "mot": "Zàrod",
    "fr": "Aujourd’hui",
    "en": "Today",
    "ar": "اليوم",
    "tz": "",
    "ru": "Сегодня",
    "audio": "zarod.mp3"
  },
  {
    "mot": "Zornád",
    "fr": "Avant-hier",
    "en": "Day before yesterday",
    "ar": "أول أمس",
    "tz": "",
    "ru": "Позавчера",
    "audio": "zornad.mp3"
  },
  {
    "mot": "Tifak",
    "fr": "Demain",
    "en": "Tomorrow",
    "ar": "غداً",
    "tz": "",
    "ru": "Завтра",
    "audio": "tifak.mp3"
  },
  {
    "mot": "Tchindén",
    "fr": "Certains, d'autres",
    "en": "Some, others",
    "ar": "بعض، الآخرون",
    "tz": "",
    "ru": "Некоторые, другие",
    "audio": "tchinden.mp3"
  },
  {
    "mot": "Yílli",
    "fr": "Sors",
    "en": "Go out",
    "ar": "اخرج",
    "tz": "",
    "ru": "Выйди",
    "audio": "yilli.mp3"
  },
  {
    "mot": "ádǝda",
    "fr": "Il est parti",
    "en": "He left",
    "ar": "رحل",
    "tz": "",
    "ru": "Он ушел",
    "audio": "adeda.mp3"
  },
  {
    "mot": "ádǝbǝt",
    "fr": "Il, ça peut",
    "en": "He/it can",
    "ar": "يستطيع",
    "tz": "",
    "ru": "Он может",
    "audio": "adebet.mp3"
  },
  {
    "mot": "adabàra",
    "fr": "Solution",
    "en": "Solution",
    "ar": "حل",
    "tz": "",
    "ru": "Решение",
    "audio": "adabara.mp3"
  },
  {
    "mot": "abôrâ",
    "fr": "Le sorgho",
    "en": "Sorghum",
    "ar": "الذرة الرفيعة",
    "tz": "",
    "ru": "Сорго",
    "audio": "abora.mp3"
  },
  {
    "mot": "aarú",
    "fr": "Homme, mari",
    "en": "Man, husband",
    "ar": "رجل، زوج",
    "tz": "",
    "ru": "Мужчина, муж",
    "audio": "aaru.mp3"
  },
  {
    "mot": "ákatab",
    "fr": "Une écriture",
    "en": "A writing",
    "ar": "كتابة",
    "tz": "",
    "ru": "Письмо",
    "audio": "akatab.mp3"
  },
  {
    "mot": "akô",
    "fr": "Il, c'est allé",
    "en": "He went",
    "ar": "ذهب",
    "tz": "",
    "ru": "Он пошёл",
    "audio": "ako.mp3"
  },
  {
    "mot": "alfâjér",
    "fr": "Le matin",
    "en": "Morning",
    "ar": "الصباح",
    "tz": "",
    "ru": "Утро",
    "audio": "alfajer.mp3"
  },
  {
    "mot": "àlwâq",
    "fr": "L’heure",
    "en": "The time",
    "ar": "الساعة",
    "tz": "",
    "ru": "Время",
    "audio": "alwaq.mp3"
  },
  {
    "mot": "Ammúnṣṣû",
    "fr": "La nourriture",
    "en": "Food",
    "ar": "الطعام",
    "tz": "",
    "ru": "Еда",
    "audio": "ammunssu.mp3"
  },
  {
    "mot": "aṣahar",
    "fr": "Couvercle",
    "en": "Lid",
    "ar": "غطاء",
    "tz": "",
    "ru": "Крышка",
    "audio": "asahar.mp3"
  },
  {
    "mot": "asǝmid",
    "fr": "Semoule de blé",
    "en": "Wheat semolina",
    "ar": "سميد القمح",
    "tz": "",
    "ru": "Пшеничная манка",
    "audio": "asimid.mp3"
  },
  {
    "mot": "átri",
    "fr": "L’étoile",
    "en": "Star",
    "ar": "نجمة",
    "tz": "",
    "ru": "Звезда",
    "audio": "atri.mp3"
  },
  {
    "mot": "ážžãmán",
    "fr": "Le temps",
    "en": "Time",
    "ar": "الزمن",
    "tz": "",
    "ru": "Время",
    "audio": "azzaman.mp3"
  },
  {
    "mot": "bàngû",
    "fr": "Le puits",
    "en": "The well",
    "ar": "البئر",
    "tz": "",
    "ru": "Колодец",
    "audio": "bangu.mp3"
  },
  {
    "mot": "bãngû",
    "fr": "La tête",
    "en": "The head",
    "ar": "الرأس",
    "tz": "",
    "ru": "Голова",
    "audio": "bangu2.mp3"
  },
  {
    "mot": "bààri",
    "fr": "Le cheval",
    "en": "The horse",
    "ar": "الحصان",
    "tz": "",
    "ru": "Лошадь",
    "audio": "baari.mp3"
  },
  {
    "mot": "ccéédi",
    "fr": "La cuillère",
    "en": "Spoon",
    "ar": "ملعقة",
    "tz": "",
    "ru": "Ложка",
    "audio": "ccedi.mp3"
  },
  {
    "mot": "ccídi",
    "fr": "Le sel",
    "en": "Salt",
    "ar": "الملح",
    "tz": "",
    "ru": "Соль",
    "audio": "ccidi.mp3"
  },
  {
    "mot": "ccíǰí",
    "fr": "La nuit",
    "en": "Night",
    "ar": "الليل",
    "tz": "",
    "ru": "Ночь",
    "audio": "cciji.mp3"
  },
  {
    "mot": "ccími",
    "fr": "La vérité",
    "en": "Truth",
    "ar": "الحقيقة",
    "tz": "",
    "ru": "Правда",
    "audio": "ccimi.mp3"
  },
  {
    "mot": "ccindén",
    "fr": "Certains, d'autres",
    "en": "Some, others",
    "ar": "بعض، الآخرون",
    "tz": "",
    "ru": "Некоторые, другие",
    "audio": "ccinden.mp3"
  },
  {
    "mot": "cchòho",
    "fr": "Quoi ?",
    "en": "What?",
    "ar": "ماذا؟",
    "tz": "",
    "ru": "Что?",
    "audio": "ccoho.mp3"
  },
  {
    "mot": "ccûdû",
    "fr": "Ramasse",
    "en": "Pick up",
    "ar": "اجمع",
    "tz": "",
    "ru": "Подними",
    "audio": "ccudu.mp3"
  },
  {
    "mot": "dina",
    "fr": "Attrape-le",
    "en": "Catch him",
    "ar": "أمسكه",
    "tz": "",
    "ru": "Поймай его",
    "audio": "dina.mp3"
  },
  {
    "mot": "dini",
    "fr": "Tiens",
    "en": "Take it",
    "ar": "خذ",
    "tz": "",
    "ru": "Возьми",
    "audio": "dini.mp3"
  },
  {
    "mot": "fééǰi",
    "fr": "Le mouton",
    "en": "Sheep",
    "ar": "الخروف",
    "tz": "",
    "ru": "Овца",
    "audio": "feji.mp3"
  },
  {
    "mot": "Fûfû",
    "fr": "Le froid",
    "en": "Cold",
    "ar": "البرد",
    "tz": "",
    "ru": "Холод",
    "audio": "fufu.mp3"
  },
  {
    "mot": "gànda",
    "fr": "La terre",
    "en": "The earth",
    "ar": "الأرض",
    "tz": "",
    "ru": "Земля",
    "audio": "ganda.mp3"
  },
  {
    "mot": "gôrâ",
    "fr": "Assieds-toi",
    "en": "Sit down",
    "ar": "اجلس",
    "tz": "",
    "ru": "Садись",
    "audio": "gora.mp3"
  },
  {
    "mot": "gùngŭ",
    "fr": "Le ventre",
    "en": "The belly",
    "ar": "البطن",
    "tz": "",
    "ru": "Живот",
    "audio": "gungu.mp3"
  },
  {
    "mot": "hàmù",
    "fr": "La viande",
    "en": "Meat",
    "ar": "اللحم",
    "tz": "",
    "ru": "Мясо",
    "audio": "hamu.mp3"
  },
  {
    "mot": "koykât",
    "fr": "Viens !",
    "en": "Come!",
    "ar": "تعال",
    "tz": "",
    "ru": "Иди сюда!",
    "audio": "koykat.mp3"
  },
  {
    "mot": "tǝfak",
    "fr": "Demain",
    "en": "Tomorrow",
    "ar": "غداً",
    "tz": "",
    "ru": "Завтра",
    "audio": "tifak.mp3"
  },
  {
    "mot": "wa ccûdû",
    "fr": "Ramassez",
    "en": "Pick up (plural)",
    "ar": "اجمعوا",
    "tz": "",
    "ru": "Поднимите",
    "audio": "waccudu.mp3"
  },
  {
    "mot": "wa dina",
    "fr": "Attrapez-le",
    "en": "Catch him (plural)",
    "ar": "أمسكوه",
    "tz": "",
    "ru": "Поймайте его",
    "audio": "wadina.mp3"
  },
  {
    "mot": "wa gôra",
    "fr": "Asseyez-vous",
    "en": "Sit down (plural)",
    "ar": "اجلسوا",
    "tz": "",
    "ru": "Садитесь",
    "audio": "wagora.mp3"
  },
  {
    "mot": "wa ŋâ",
    "fr": "Mangez",
    "en": "Eat (plural)",
    "ar": "كلوا",
    "tz": "",
    "ru": "Ешьте",
    "audio": "wana.mp3"
  },
  {
    "mot": "wa zûrû",
    "fr": "Courez",
    "en": "Run (plural)",
    "ar": "اركضوا",
    "tz": "",
    "ru": "Бегите",
    "audio": "wazuru.mp3"
  },
  {
    "mot": "yaw",
    "fr": "Viens",
    "en": "Come",
    "ar": "تعال",
    "tz": "",
    "ru": "Иди сюда",
    "audio": "yaw.mp3"
  },
  {
    "mot": "yílii",
    "fr": "Sors",
    "en": "Go out",
    "ar": "اخرج",
    "tz": "",
    "ru": "Выходи",
    "audio": "yili.mp3"
  },
  {
    "mot": "zàroda",
    "fr": "Aujourd’hui",
    "en": "Today",
    "ar": "اليوم",
    "tz": "",
    "ru": "Сегодня",
    "audio": "zarod.mp3"
  },
  {
    "mot": "zarossé",
    "fr": "Après-demain",
    "en": "The day after tomorrow",
    "ar": "بعد غد",
    "tz": "",
    "ru": "Послезавтра",
    "audio": "zarose.mp3"
  },
  {
    "mot": "zôrnád",
    "fr": "Avant-hier",
    "en": "The day before yesterday",
    "ar": "أول أمس",
    "tz": "",
    "ru": "Позавчера",
    "audio": "zornad.mp3"
  },
  {
    "mot": "zûrû",
    "fr": "Cours",
    "en": "Run",
    "ar": "اركض",
    "tz": "",
    "ru": "Беги",
    "audio": "zuru.mp3"
  },
  {
    "mot": "ákrar",
    "fr": "Chaussure",
    "en": "Shoe",
    "ar": "حذاء",
    "tz": "",
    "ru": "Обувь",
    "audio": "akrar.mp3"
  },
  {
    "mot": "áfraw",
    "fr": "Fille (jeune)",
    "en": "Young girl",
    "ar": "فتاة",
    "tz": "",
    "ru": "Девочка",
    "audio": "afraw.mp3"
  },
  {
    "mot": "áʒwal",
    "fr": "Enfant (masc.)",
    "en": "Child (male)",
    "ar": "طفل",
    "tz": "",
    "ru": "Ребенок",
    "audio": "ajwal.mp3"
  },
  {
    "mot": "áʒwar",
    "fr": "Enfants",
    "en": "Children",
    "ar": "أطفال",
    "tz": "",
    "ru": "Дети",
    "audio": "ajwar.mp3"
  },
  {
    "mot": "ʒén",
    "fr": "Œil",
    "en": "Eye",
    "ar": "عين",
    "tz": "",
    "ru": "Глаз",
    "audio": "zhen.mp3"
  },
  {
    "mot": "ʒá",
    "fr": "Manger",
    "en": "To eat",
    "ar": "أكل",
    "tz": "",
    "ru": "Есть",
    "audio": "zha.mp3"
  },
  {
    "mot": "ʒámar",
    "fr": "Collecteur",
    "en": "Collector",
    "ar": "جامع",
    "tz": "",
    "ru": "Собиратель",
    "audio": "zhamar.mp3"
  },
  {
    "mot": "ʒíbit-an",
    "fr": "Ceux qui ont été vus",
    "en": "Those who were seen",
    "ar": "الذين تمت رؤيتهم",
    "tz": "",
    "ru": "Кого увидели",
    "audio": "zhibit-an.mp3"
  },
  {
    "mot": "ʃíbít-an",
    "fr": "Ceux qui ont été giflés",
    "en": "Those who were slapped",
    "ar": "الذين ضُربوا",
    "tz": "",
    "ru": "Пощечины получившие",
    "audio": "shibit-an.mp3"
  },
  {
    "mot": "ʃáy",
    "fr": "Chose",
    "en": "Thing",
    "ar": "شيء",
    "tz": "",
    "ru": "Вещь",
    "audio": "shay.mp3"
  },
  {
    "mot": "ʃáyda",
    "fr": "Cette chose",
    "en": "That thing",
    "ar": "ذلك الشيء",
    "tz": "",
    "ru": "Эта вещь",
    "audio": "shayda.mp3"
  },
  {
    "mot": "ʃí-ʒíbit-an",
    "fr": "Ceux qui ont fait voir",
    "en": "Those who made others be seen",
    "ar": "الذين جعلوا الآخرين يُرون",
    "tz": "",
    "ru": "Кто показал других",
    "audio": "shi-zhibit-an.mp3"
  },
  {
    "mot": "ʃíí",
    "fr": "Faire (auxiliaire)",
    "en": "To do (auxiliary)",
    "ar": "فعل (مساعد)",
    "tz": "",
    "ru": "Делать (вспомогательный)",
    "audio": "shii.mp3"
  },
  {
    "mot": "ʃííya",
    "fr": "Faire (emphatique)",
    "en": "To do (emphatic)",
    "ar": "يفعل (بتأكيد)",
    "tz": "",
    "ru": "Делать (с усилением)",
    "audio": "shiiya.mp3"
  },
  {
    "mot": "ʃíbíta",
    "fr": "Celui qui a été giflé",
    "en": "The one who was slapped",
    "ar": "الذي صُفع",
    "tz": "",
    "ru": "Тот, кто получил пощечину",
    "audio": "shibita.mp3"
  },
  {
    "mot": "ʒíbít-an",
    "fr": "Ceux qui ont été vus",
    "en": "Those who were seen",
    "ar": "الذين رأوا",
    "tz": "",
    "ru": "Тех, кого увидели",
    "audio": "zhibit-an2.mp3"
  },
  {
    "mot": "ʃííy",
    "fr": "Faire (emphatique)",
    "en": "To do (emphatic form)",
    "ar": "يفعل (بصيغة مؤكدة)",
    "tz": "",
    "ru": "Сделать (усилено)",
    "audio": "shiiy.mp3"
  },
  {
    "mot": "ʃííya",
    "fr": "Faire quelque chose (explicite)",
    "en": "To do something (explicit)",
    "ar": "القيام بشيء",
    "tz": "",
    "ru": "Что-то сделать",
    "audio": "shiiyah.mp3"
  },
  {
    "mot": "ʃííy-an",
    "fr": "Ceux qui font (pluriel)",
    "en": "Those who do (plural)",
    "ar": "الذين يفعلون",
    "tz": "",
    "ru": "Те, кто делает",
    "audio": "shiiyan.mp3"
  },
  {
    "mot": "n-áyda",
    "fr": "Je vois cela",
    "en": "I see that",
    "ar": "أرى ذلك",
    "tz": "",
    "ru": "Я это вижу",
    "audio": "nayda.mp3"
  },
  {
    "mot": "ʃ-áɣa",
    "fr": "Il devient laid",
    "en": "He becomes ugly",
    "ar": "أصبح قبيحًا",
    "tz": "",
    "ru": "Он стал уродливым",
    "audio": "shagha.mp3"
  },
  {
    "mot": "ʃ-áħala",
    "fr": "Il devient bon",
    "en": "He becomes good",
    "ar": "أصبح جيدًا",
    "tz": "",
    "ru": "Он стал хорошим",
    "audio": "shahala.mp3"
  },
  {
    "mot": "ʃ-áʕad",
    "fr": "Il devient en colère",
    "en": "He becomes angry",
    "ar": "أصبح غاضبًا",
    "tz": "",
    "ru": "Он рассердился",
    "audio": "shaad.mp3"
  },
  {
    "mot": "ʃ-áɣam",
    "fr": "Il devient mauvais",
    "en": "He becomes bad",
    "ar": "أصبح سيئًا",
    "tz": "",
    "ru": "Он стал плохим",
    "audio": "shagham.mp3"
  },
  {
    "mot": "ʃ-úuwa",
    "fr": "Il devient froid",
    "en": "He becomes cold",
    "ar": "أصبح بارداً",
    "tz": "",
    "ru": "Он стал холодным",
    "audio": "shuuwa.mp3"
  },
  {
    "mot": "ʃ-áɣam",
    "fr": "Il devient mauvais (bis)",
    "en": "He becomes bad (again)",
    "ar": "أصبح سيئًا (مكرر)",
    "tz": "",
    "ru": "Стал плохим (повтор)",
    "audio": "shagham2.mp3"
  },
  {
    "mot": "ʃ-éeṛa",
    "fr": "Il devient grand (taille)",
    "en": "He becomes tall",
    "ar": "أصبح طويلاً",
    "tz": "",
    "ru": "Он вырос",
    "audio": "sheera.mp3"
  },
  {
    "mot": "ʃ-áɣam-an",
    "fr": "Ils deviennent mauvais",
    "en": "They become bad",
    "ar": "أصبحوا سيئين",
    "tz": "",
    "ru": "Они стали плохими",
    "audio": "shaghaman.mp3"
  }
]
